﻿<?xml version="1.0" encoding="utf-8"?>
<abapGit version="v1.0.0" serializer="LCL_OBJECT_CLAS" serializer_version="v1.0.0">
 <asx:abap xmlns:asx="http://www.sap.com/abapxml" version="1.0">
  <asx:values>
   <VSEOCLASS>
    <CLSNAME>ZCL_DMS</CLSNAME>
    <VERSION>1</VERSION>
    <LANGU>E</LANGU>
    <DESCRIPT>DMS</DESCRIPT>
    <EXPOSURE>2</EXPOSURE>
    <STATE>1</STATE>
    <CLSFINAL>X</CLSFINAL>
    <CLSCCINCL>X</CLSCCINCL>
    <FIXPT>X</FIXPT>
    <UNICODE>X</UNICODE>
   </VSEOCLASS>
   <DESCRIPTIONS>
    <SEOCOMPOTX>
     <CLSNAME>ZCL_DMS</CLSNAME>
     <CMPNAME>GET_DOC_FILE_DATA_FROM_KPRO</CMPNAME>
     <LANGU>E</LANGU>
     <DESCRIPT>Get binary data of first file for document from KPRO</DESCRIPT>
    </SEOCOMPOTX>
    <SEOCOMPOTX>
     <CLSNAME>ZCL_DMS</CLSNAME>
     <CMPNAME>GET_DOC_KEY_STRING</CMPNAME>
     <LANGU>E</LANGU>
     <DESCRIPT>Get DMS document key as string</DESCRIPT>
    </SEOCOMPOTX>
    <SEOCOMPOTX>
     <CLSNAME>ZCL_DMS</CLSNAME>
     <CMPNAME>SPLIT_MIME_TYPE</CMPNAME>
     <LANGU>E</LANGU>
     <DESCRIPT>Split mime type</DESCRIPT>
    </SEOCOMPOTX>
   </DESCRIPTIONS>
  </asx:values>
 </asx:abap>
</abapGit>
