﻿<?xml version="1.0" encoding="utf-8"?>
<abapGit version="v1.0.0" serializer="LCL_OBJECT_MSAG" serializer_version="v1.0.0">
 <asx:abap xmlns:asx="http://www.sap.com/abapxml" version="1.0">
  <asx:values>
   <T100A>
    <ARBGB>ZMC_DMS</ARBGB>
    <MASTERLANG>E</MASTERLANG>
    <STEXT>DMS</STEXT>
   </T100A>
   <T100>
    <T100>
     <SPRSL>E</SPRSL>
     <ARBGB>ZMC_DMS</ARBGB>
     <MSGNR>000</MSGNR>
     <TEXT>Document &amp;1 contains no files.</TEXT>
    </T100>
    <T100>
     <SPRSL>E</SPRSL>
     <ARBGB>ZMC_DMS</ARBGB>
     <MSGNR>001</MSGNR>
     <TEXT>Internal error while reading binary file data for document &amp;1.</TEXT>
    </T100>
    <T100>
     <SPRSL>E</SPRSL>
     <ARBGB>ZMC_DMS</ARBGB>
     <MSGNR>002</MSGNR>
     <TEXT>Internal error while converting binary file data for document &amp;1.</TEXT>
    </T100>
   </T100>
  </asx:values>
 </asx:abap>
</abapGit>
